county_fips,name,area_km2,heatflow_mean,heatflow_n,gradient_mean,gradient_n,thermal_mean,thermal_n,thermal_metric,thermal_median,infra_dist_km,well_count,crs_analysis
48355,Nueces,2256.0331830289083,53.588235294117645,17.0,,,53.588235294117645,17.0,heat_flow_mWm2,53.588235294117645,4.691873088469455,17,EPSG:3083
48215,Hidalgo,4102.361000626274,64.3225806451613,31.0,,,64.3225806451613,31.0,heat_flow_mWm2,64.3225806451613,0.5552426228808036,31,EPSG:3083
48061,Cameron,2606.502858191316,54.333333333333336,15.0,,,54.333333333333336,15.0,heat_flow_mWm2,54.333333333333336,0.07681617108522172,15,EPSG:3083
48479,Webb,8746.315333703658,61.5,54.0,,,61.5,54.0,heat_flow_mWm2,61.5,2.5835592931287135,54,EPSG:3083
48057,Calhoun,1928.9026950744862,53.8125,16.0,,,53.8125,16.0,heat_flow_mWm2,53.8125,20.676480629800263,16,EPSG:3083
48323,Maverick,3345.824972526838,60.21052631578947,19.0,,,60.21052631578947,19.0,heat_flow_mWm2,60.21052631578947,2.17168160267429,19,EPSG:3083
48465,Val Verde,8373.027409996075,43.92307692307692,13.0,,,43.92307692307692,13.0,heat_flow_mWm2,43.92307692307692,21.354813027813023,13,EPSG:3083
48039,Brazoria,3774.790934800249,52.333333333333336,15.0,,,52.333333333333336,15.0,heat_flow_mWm2,52.333333333333336,1.04517154010166,15,EPSG:3083
48229,Hudspeth,11841.213879632816,93.66136363636365,88.0,44.857831325301206,83.0,44.857831325301206,83.0,gradient_C_per_km,44.857831325301206,46.55625330341084,83,EPSG:3083
48203,Harrison,2371.8690826726497,76.0,20.0,,,76.0,20.0,heat_flow_mWm2,76.0,0.31956643655618533,20,EPSG:3083
48387,Red River,2738.086002399365,67.9375,16.0,,,67.9375,16.0,heat_flow_mWm2,67.9375,3.4037716725247833,16,EPSG:3083
48315,Marion,1088.8155694375455,74.0,6.0,,,74.0,6.0,heat_flow_mWm2,74.0,1.1671582022952747,6,EPSG:3083
48481,Wharton,2834.188133148447,52.84615384615385,13.0,,,52.84615384615385,13.0,heat_flow_mWm2,52.84615384615385,9.161131239348514,13,EPSG:3083
48001,Anderson,2791.991352727155,69.42631578947368,19.0,48.03333333333333,3.0,48.03333333333333,3.0,gradient_C_per_km,48.03333333333333,0.7509402166732622,3,EPSG:3083
48157,Fort Bend,2292.6365263168987,55.6,15.0,,,55.6,15.0,heat_flow_mWm2,55.6,3.8556809652831934,15,EPSG:3083
48257,Kaufman,2091.4655491312315,69.2,10.0,,,69.2,10.0,heat_flow_mWm2,69.2,2.7258817009806053,10,EPSG:3083
48471,Walker,2075.9650732691907,59.6,10.0,,,59.6,10.0,heat_flow_mWm2,59.6,4.8939671218568055,10,EPSG:3083
48495,Winkler,2177.5258165407968,35.666666666666664,9.0,,,35.666666666666664,9.0,heat_flow_mWm2,35.666666666666664,1.850044973239347,9,EPSG:3083
48125,Dickens,2345.9656855747294,47.57692307692308,26.0,,,47.57692307692308,26.0,heat_flow_mWm2,47.57692307692308,6.007394659824545,26,EPSG:3083
48053,Burnet,2646.4321942280435,26.0,1.0,,,26.0,1.0,heat_flow_mWm2,26.0,5.713718267109296,1,EPSG:3083
48267,Kimble,3240.66005998884,36.785714285714285,14.0,,,36.785714285714285,14.0,heat_flow_mWm2,36.785714285714285,3.060121089333401,14,EPSG:3083
48287,Lee,1642.442016472825,64.66666666666667,12.0,,,64.66666666666667,12.0,heat_flow_mWm2,64.66666666666667,5.22573691662503,12,EPSG:3083
48289,Leon,2798.9560609650102,67.08333333333333,12.0,,,67.08333333333333,12.0,heat_flow_mWm2,67.08333333333333,3.705696498590115,12,EPSG:3083
48063,Camp,526.3309817278899,67.0,3.0,,,67.0,3.0,heat_flow_mWm2,67.0,2.8879542760934642,3,EPSG:3083
48449,Titus,1102.4083747926443,71.4,5.0,,,71.4,5.0,heat_flow_mWm2,71.4,3.3183833430343093,5,EPSG:3083
48455,Trinity,1849.5346395038923,59.125,8.0,,,59.125,8.0,heat_flow_mWm2,59.125,13.29511907535867,8,EPSG:3083
48477,Washington,1610.328924615194,64.875,8.0,,,64.875,8.0,heat_flow_mWm2,64.875,5.104700422130879,8,EPSG:3083
48341,Moore,2355.741878388351,37.3125,16.0,,,37.3125,16.0,heat_flow_mWm2,37.3125,1.6635601527280524,16,EPSG:3083
48155,Foard,1833.273843274399,53.0,9.0,,,53.0,9.0,heat_flow_mWm2,53.0,0.6533196717457794,9,EPSG:3083
48071,Chambers,1637.4876916743438,44.5,12.0,,,44.5,12.0,heat_flow_mWm2,44.5,13.024163640250851,12,EPSG:3083
48167,Galveston,1065.6528185896882,44.0,5.0,,,44.0,5.0,heat_flow_mWm2,44.0,0.7809120205017891,5,EPSG:3083
48003,Andrews,3888.2178849317215,42.63157894736842,19.0,,,42.63157894736842,19.0,heat_flow_mWm2,42.63157894736842,0.688768296773523,19,EPSG:3083
48037,Bowie,2390.7638909485227,75.57142857142857,14.0,,,75.57142857142857,14.0,heat_flow_mWm2,75.57142857142857,1.5455361994287093,14,EPSG:3083
48205,Hartley,3789.3606691543873,50.888888888888886,27.0,,,50.888888888888886,27.0,heat_flow_mWm2,50.888888888888886,17.908508231507955,27,EPSG:3083
48043,Brewster,16038.832464597901,48.214285714285715,14.0,26.0,2.0,26.0,2.0,gradient_C_per_km,26.0,90.31716602289985,2,EPSG:3083
48453,Travis,2654.78877511014,37.666666666666664,3.0,,,37.666666666666664,3.0,heat_flow_mWm2,37.666666666666664,0.28306879610727936,3,EPSG:3083
48339,Montgomery,2789.2634194316074,56.1875,16.0,,,56.1875,16.0,heat_flow_mWm2,56.1875,2.2575927848175716,16,EPSG:3083
48187,Guadalupe,1851.1011241114497,39.083333333333336,12.0,,,39.083333333333336,12.0,heat_flow_mWm2,39.083333333333336,0.16188494277130547,12,EPSG:3083
48423,Smith,2459.7836251926865,70.375,16.0,,,70.375,16.0,heat_flow_mWm2,70.375,1.5870296659725125,16,EPSG:3083
48475,Ward,2165.4274715421084,35.666666666666664,3.0,,,35.666666666666664,3.0,heat_flow_mWm2,35.666666666666664,11.043503998164613,3,EPSG:3083
48103,Crane,2036.6663771255228,44.46666666666667,15.0,,,44.46666666666667,15.0,heat_flow_mWm2,44.46666666666667,11.102437199474847,15,EPSG:3083
48437,Swisher,2333.327602690475,46.333333333333336,6.0,,,46.333333333333336,6.0,heat_flow_mWm2,46.333333333333336,4.720427680073038,6,EPSG:3083
48223,Hopkins,2053.147742642564,66.63636363636364,11.0,,,66.63636363636364,11.0,heat_flow_mWm2,66.63636363636364,3.007576092203853,11,EPSG:3083
48015,Austin,1700.0981311428445,64.5,12.0,,,64.5,12.0,heat_flow_mWm2,64.5,3.6168625647078265,12,EPSG:3083
48059,Callahan,2334.1211981301503,40.02777777777778,36.0,,,40.02777777777778,36.0,heat_flow_mWm2,40.02777777777778,7.410643139085326,36,EPSG:3083
48073,Cherokee,2750.9441271605097,67.03333333333333,21.0,43.9,1.0,43.9,1.0,gradient_C_per_km,43.9,1.8157602154889352,1,EPSG:3083
48499,Wood,1801.831223226072,69.42857142857143,14.0,,,69.42857142857143,14.0,heat_flow_mWm2,69.42857142857143,2.612509700141878,14,EPSG:3083
48333,Mills,1941.8381251638623,38.5,10.0,,,38.5,10.0,heat_flow_mWm2,38.5,1.1140867915298738,10,EPSG:3083
48083,Coleman,3318.9954115115684,34.34,50.0,,,34.34,50.0,heat_flow_mWm2,34.34,5.035259295694804,50,EPSG:3083
48317,Martin,2371.594685538028,46.25,12.0,,,46.25,12.0,heat_flow_mWm2,46.25,1.7353671260502017,12,EPSG:3083
48051,Burleson,1753.1389731289075,62.5,8.0,,,62.5,8.0,heat_flow_mWm2,62.5,5.289910565907769,8,EPSG:3083
48469,Victoria,2302.0819536659906,52.4,20.0,,,52.4,20.0,heat_flow_mWm2,52.4,0.054761838272377954,20,EPSG:3083
48399,Runnels,2737.7958886699603,39.68181818181818,44.0,,,39.68181818181818,44.0,heat_flow_mWm2,39.68181818181818,6.9119223468658575,44,EPSG:3083
48379,Rains,670.4358943187026,71.0,2.0,,,71.0,2.0,heat_flow_mWm2,71.0,4.424495165118046,2,EPSG:3083
48065,Carson,2392.8377796259033,37.8,20.0,,,37.8,20.0,heat_flow_mWm2,37.8,0.8197759128752835,20,EPSG:3083
48047,Brooks,2443.6589340362593,58.22222222222222,18.0,,,58.22222222222222,18.0,heat_flow_mWm2,58.22222222222222,3.515302701245992,18,EPSG:3083
48243,Jeff Davis,5864.407962006336,68.11764705882354,17.0,41.63636363636363,11.0,41.63636363636363,11.0,gradient_C_per_km,41.63636363636363,48.892594536426756,11,EPSG:3083
48007,Aransas,751.0613273392812,52.666666666666664,9.0,,,52.666666666666664,9.0,heat_flow_mWm2,52.666666666666664,0.6448071386209338,9,EPSG:3083
48409,San Patricio,1827.8232808583207,50.57142857142857,14.0,,,50.57142857142857,14.0,heat_flow_mWm2,50.57142857142857,2.578792192262333,14,EPSG:3083
48141,El Paso,2629.0489970229964,77.79818181818182,55.0,41.78771929824561,57.0,41.78771929824561,57.0,gradient_C_per_km,41.78771929824561,0.9677624288027332,57,EPSG:3083
48321,Matagorda,3581.0059146956864,47.80952380952381,42.0,,,47.80952380952381,42.0,heat_flow_mWm2,47.80952380952381,0.2702138183042345,42,EPSG:3083
48377,Presidio,9987.604406652692,96.94487179487179,156.0,48.00902777777778,144.0,48.00902777777778,144.0,gradient_C_per_km,48.00902777777778,46.31643341560836,144,EPSG:3083
48269,King,2364.973257583222,55.32,25.0,,,55.32,25.0,heat_flow_mWm2,55.32,12.546312624433508,25,EPSG:3083
48245,Jefferson,2552.902886346641,42.38461538461539,13.0,,,42.38461538461539,13.0,heat_flow_mWm2,42.38461538461539,2.4090881551752767,13,EPSG:3083
48067,Cass,2487.308741255077,72.26315789473684,19.0,,,72.26315789473684,19.0,heat_flow_mWm2,72.26315789473684,3.2028588955167465,19,EPSG:3083
48395,Robertson,2242.374617388186,66.8,10.0,,,66.8,10.0,heat_flow_mWm2,66.8,0.8950573429056843,10,EPSG:3083
48225,Houston,3202.525276764902,64.1875,16.0,,,64.1875,16.0,heat_flow_mWm2,64.1875,1.4813987815099285,16,EPSG:3083
48373,Polk,2873.874520002974,57.3,10.0,,,57.3,10.0,heat_flow_mWm2,57.3,8.523279935857897,10,EPSG:3083
48491,Williamson,2931.434520717969,46.375,8.0,,,46.375,8.0,heat_flow_mWm2,46.375,1.0013907739715657,8,EPSG:3083
48411,San Saba,2948.718377838956,41.0,1.0,,,41.0,1.0,heat_flow_mWm2,41.0,13.411834616626892,1,EPSG:3083
48503,Young,2410.6038491798467,48.03703703703704,27.0,,,48.03703703703704,27.0,heat_flow_mWm2,48.03703703703704,6.061372242973662,27,EPSG:3083
48419,Shelby,2161.880628000625,68.64285714285714,14.0,,,68.64285714285714,14.0,heat_flow_mWm2,68.64285714285714,1.9036554106955963,14,EPSG:3083
48457,Tyler,2423.533457281665,56.5,12.0,,,56.5,12.0,heat_flow_mWm2,56.5,5.482897643750606,12,EPSG:3083
48241,Jasper,2511.19466632439,57.333333333333336,12.0,,,57.333333333333336,12.0,heat_flow_mWm2,57.333333333333336,5.152919815008121,12,EPSG:3083
48089,Colorado,2522.1338372828795,60.57142857142857,14.0,,,60.57142857142857,14.0,heat_flow_mWm2,60.57142857142857,1.766191355673917,14,EPSG:3083
48025,Bee,2280.186354195579,60.76923076923077,26.0,,,60.76923076923077,26.0,heat_flow_mWm2,60.76923076923077,16.13616694212232,26,EPSG:3083
48313,Madison,1223.4242367850009,61.625,8.0,,,61.625,8.0,heat_flow_mWm2,61.625,2.7935059860048983,8,EPSG:3083
48109,Culberson,9875.077241451872,44.696296296296296,54.0,20.782608695652176,23.0,20.782608695652176,23.0,gradient_C_per_km,20.782608695652176,12.094885534803774,23,EPSG:3083
48327,Menard,2336.603711920689,34.666666666666664,18.0,,,34.666666666666664,18.0,heat_flow_mWm2,34.666666666666664,1.0001150524575104,18,EPSG:3083
48401,Rusk,2430.9095030292488,73.8125,16.0,,,73.8125,16.0,heat_flow_mWm2,73.8125,2.1555118803987776,16,EPSG:3083
48041,Brazos,1531.1800442664219,63.22222222222222,9.0,,,63.22222222222222,9.0,heat_flow_mWm2,63.22222222222222,1.1023540693875333,9,EPSG:3083
48119,Delta,720.0346844956015,57.5,2.0,,,57.5,2.0,heat_flow_mWm2,57.5,12.683163672025252,2,EPSG:3083
48219,Hockley,2353.3417345731295,43.77777777777778,9.0,,,43.77777777777778,9.0,heat_flow_mWm2,43.77777777777778,2.5102209404231615,9,EPSG:3083
48407,San Jacinto,1625.9479946283122,60.54545454545455,11.0,,,60.54545454545455,11.0,heat_flow_mWm2,60.54545454545455,1.5683706373546071,11,EPSG:3083
48467,Van Zandt,2226.3373285040334,67.90526315789474,19.0,32.916666666666664,6.0,32.916666666666664,6.0,gradient_C_per_km,32.916666666666664,0.1396968357848967,6,EPSG:3083
48161,Freestone,2309.902954866437,69.4421052631579,19.0,36.35,2.0,36.35,2.0,gradient_C_per_km,36.35,1.9096354085374319,2,EPSG:3083
48405,San Augustine,1533.9979968491937,67.625,8.0,,,67.625,8.0,heat_flow_mWm2,67.625,10.418506132013638,8,EPSG:3083
48345,Motley,2563.509640228693,45.89473684210526,19.0,,,45.89473684210526,19.0,heat_flow_mWm2,45.89473684210526,4.444941160618359,19,EPSG:3083
48427,Starr,3181.123856932481,71.17647058823529,17.0,,,71.17647058823529,17.0,heat_flow_mWm2,71.17647058823529,5.294363809145037,17,EPSG:3083
48361,Orange,982.8998505225914,43.6,5.0,,,43.6,5.0,heat_flow_mWm2,43.6,0.8382514321113297,5,EPSG:3083
48201,Harris,4586.967768276095,54.583333333333336,24.0,,,54.583333333333336,24.0,heat_flow_mWm2,54.583333333333336,2.0573985221496223,24,EPSG:3083
48403,Sabine,1493.833302892613,74.55555555555556,9.0,,,74.55555555555556,9.0,heat_flow_mWm2,74.55555555555556,0.6615126497516433,9,EPSG:3083
48349,Navarro,2813.0543391202596,68.22173913043478,23.0,33.15,10.0,33.15,10.0,gradient_C_per_km,33.15,0.21729866876634613,10,EPSG:3083
48069,Castro,2328.6815556824804,45.111111111111114,9.0,,,45.111111111111114,9.0,heat_flow_mWm2,45.111111111111114,2.246017246271927,9,EPSG:3083
48273,Kleberg,2351.781278665873,54.6,15.0,,,54.6,15.0,heat_flow_mWm2,54.6,5.97056522608676,15,EPSG:3083
48459,Upshur,1534.8772199455916,70.78571428571429,14.0,33.0,2.0,33.0,2.0,gradient_C_per_km,33.0,6.017965297282986,2,EPSG:3083
48381,Randall,2389.774800460495,46.72727272727273,11.0,,,46.72727272727273,11.0,heat_flow_mWm2,46.72727272727273,4.203950037812699,11,EPSG:3083
48343,Morris,670.1436593715636,73.0,5.0,,,73.0,5.0,heat_flow_mWm2,73.0,0.36259931428391956,5,EPSG:3083
48301,Loving,1752.3943754512702,39.0,14.0,,,39.0,14.0,heat_flow_mWm2,39.0,4.947189818493228,14,EPSG:3083
48261,Kenedy,3998.19485130932,56.5625,16.0,,,56.5625,16.0,heat_flow_mWm2,56.5625,7.066099256666219,16,EPSG:3083
48035,Bosque,2596.552616341382,55.75,4.0,,,55.75,4.0,heat_flow_mWm2,55.75,2.8717353830698524,4,EPSG:3083
48091,Comal,1489.2437077265765,,,,,,,,,3.963247938449943,0,EPSG:3083
48239,Jackson,2219.180707113414,53.791666666666664,24.0,29.5,2.0,29.5,2.0,gradient_C_per_km,29.5,2.008768679704254,2,EPSG:3083
48105,Crockett,7274.360139164888,45.04347826086956,46.0,,,45.04347826086956,46.0,heat_flow_mWm2,45.04347826086956,5.646673799700976,46,EPSG:3083
48175,Goliad,2225.254267776531,68.55,20.0,,,68.55,20.0,heat_flow_mWm2,68.55,8.207923488824505,20,EPSG:3083
48391,Refugio,2034.0277114343855,55.25,20.0,,,55.25,20.0,heat_flow_mWm2,55.25,1.9735836088156617,20,EPSG:3083
48029,Bexar,3253.326030592317,43.53333333333333,12.0,14.7,1.0,14.7,1.0,gradient_C_per_km,14.7,0.09695351777818852,1,EPSG:3083
48055,Caldwell,1415.3399267203665,36.5,8.0,,,36.5,8.0,heat_flow_mWm2,36.5,4.118772221390736,8,EPSG:3083
48429,Stephens,2386.491222554512,50.611111111111114,18.0,,,50.611111111111114,18.0,heat_flow_mWm2,50.611111111111114,1.016717522798785,18,EPSG:3083
48369,Parmer,2292.0298689368096,42.5,6.0,,,42.5,6.0,heat_flow_mWm2,42.5,3.760624483717388,6,EPSG:3083
48371,Pecos,12339.54220638867,42.46666666666667,60.0,,,42.46666666666667,60.0,heat_flow_mWm2,42.46666666666667,3.490578437279348,60,EPSG:3083
48135,Ector,2335.3296851517766,46.54545454545455,11.0,,,46.54545454545455,11.0,heat_flow_mWm2,46.54545454545455,0.1768481600640885,11,EPSG:3083
48185,Grimes,2076.297343116925,66.0,13.0,,,66.0,13.0,heat_flow_mWm2,66.0,4.202248777054577,13,EPSG:3083
48023,Baylor,2334.102011723438,59.861111111111114,36.0,,,59.861111111111114,36.0,heat_flow_mWm2,59.861111111111114,4.722304699072984,36,EPSG:3083
48075,Childress,1847.996936475467,60.375,16.0,,,60.375,16.0,heat_flow_mWm2,60.375,0.604536873830626,16,EPSG:3083
48311,McMullen,2995.646071691476,64.32352941176471,34.0,,,64.32352941176471,34.0,heat_flow_mWm2,64.32352941176471,18.125876610022086,34,EPSG:3083
48153,Floyd,2570.536729283775,45.166666666666664,12.0,,,45.166666666666664,12.0,heat_flow_mWm2,45.166666666666664,1.3111172019811728,12,EPSG:3083
48351,Newton,2433.70322437587,51.75,4.0,,,51.75,4.0,heat_flow_mWm2,51.75,0.2625481126174328,4,EPSG:3083
48005,Angelina,2239.741221236026,60.916666666666664,12.0,,,60.916666666666664,12.0,heat_flow_mWm2,60.916666666666664,3.056276173978273,12,EPSG:3083
48347,Nacogdoches,2540.811228800191,67.7,10.0,,,67.7,10.0,heat_flow_mWm2,67.7,1.3808125653021386,10,EPSG:3083
48085,Collin,2294.5407892358367,46.44444444444444,9.0,32.0,2.0,32.0,2.0,gradient_C_per_km,32.0,5.26544790780953,2,EPSG:3083
48099,Coryell,2737.5741160837574,40.142857142857146,7.0,,,40.142857142857146,7.0,heat_flow_mWm2,40.142857142857146,8.102253976365548,7,EPSG:3083
48143,Erath,2822.4196573076356,40.95,20.0,,,40.95,20.0,heat_flow_mWm2,40.95,0.21880643926445092,20,EPSG:3083
48139,Ellis,2465.197837609661,57.94,10.0,33.0,1.0,33.0,1.0,gradient_C_per_km,33.0,0.6773625865219081,1,EPSG:3083
48331,Milam,2644.150578915313,60.875,16.0,,,60.875,16.0,heat_flow_mWm2,60.875,1.3499861768237853,16,EPSG:3083
48281,Lampasas,1847.585938433918,38.0,2.0,,,38.0,2.0,heat_flow_mWm2,38.0,0.28340000947599225,2,EPSG:3083
48227,Howard,2341.7666155816128,44.294117647058826,17.0,,,44.294117647058826,17.0,heat_flow_mWm2,44.294117647058826,0.7456008896206516,17,EPSG:3083
48131,Duval,4650.50218902522,66.3103448275862,29.0,,,66.3103448275862,29.0,heat_flow_mWm2,66.3103448275862,35.95814431423205,29,EPSG:3083
48389,Reeves,6842.210223811528,38.64,50.0,,,38.64,50.0,heat_flow_mWm2,38.64,16.246857302644123,50,EPSG:3083
48397,Rockwall,385.74238317327865,,,,,,,,,1.6645150783125713,0,EPSG:3083
48277,Lamar,2416.718217957177,54.833333333333336,6.0,,,54.833333333333336,6.0,heat_flow_mWm2,54.833333333333336,1.3983119333985157,6,EPSG:3083
48021,Bastrop,2319.4926463820975,51.05128205128205,39.0,,,51.05128205128205,39.0,heat_flow_mWm2,51.05128205128205,1.7284779299874393,39,EPSG:3083
48253,Jones,2427.547283040539,42.26086956521739,46.0,,,42.26086956521739,46.0,heat_flow_mWm2,42.26086956521739,5.460540859271692,46,EPSG:3083
48237,Jack,2383.6114462480987,50.0,20.0,,,50.0,20.0,heat_flow_mWm2,50.0,2.059308846613207,20,EPSG:3083
48199,Hardin,2324.4014951128274,52.857142857142854,14.0,,,52.857142857142854,14.0,heat_flow_mWm2,52.857142857142854,7.483065138297219,14,EPSG:3083
48265,Kerr,2867.9202021622805,38.375,8.0,,,38.375,8.0,heat_flow_mWm2,38.375,0.630868760497885,8,EPSG:3083
48283,La Salle,3866.3961206456434,59.05,40.0,,,59.05,40.0,heat_flow_mWm2,59.05,18.160029477398805,40,EPSG:3083
48207,Haskell,2357.942802487923,48.45454545454545,22.0,,,48.45454545454545,22.0,heat_flow_mWm2,48.45454545454545,4.250578579934362,22,EPSG:3083
48393,Roberts,2391.826491249947,51.19047619047619,21.0,,,51.19047619047619,21.0,heat_flow_mWm2,51.19047619047619,37.66845378325131,21,EPSG:3083
48137,Edwards,5492.878619225003,49.411764705882355,17.0,,,49.411764705882355,17.0,heat_flow_mWm2,49.411764705882355,36.85795653472315,17,EPSG:3083
48293,Limestone,2416.8929394016754,72.44090909090909,22.0,36.41428571428572,7.0,36.41428571428572,7.0,gradient_C_per_km,36.41428571428572,0.5685426483522286,7,EPSG:3083
48081,Coke,2403.873705883511,42.35294117647059,34.0,,,42.35294117647059,34.0,heat_flow_mWm2,42.35294117647059,20.41525444047015,34,EPSG:3083
48011,Armstrong,2366.565037119129,46.857142857142854,7.0,,,46.857142857142854,7.0,heat_flow_mWm2,46.857142857142854,4.405671169286536,7,EPSG:3083
48319,Mason,2413.7052209184985,,,,,,,,,3.2025868854646546,0,EPSG:3083
48435,Sutton,3764.9720059561832,47.916666666666664,36.0,,,47.916666666666664,36.0,heat_flow_mWm2,47.916666666666664,12.87456097668978,36,EPSG:3083
48195,Hansford,2383.2307427204746,53.411764705882355,17.0,,,53.411764705882355,17.0,heat_flow_mWm2,53.411764705882355,3.11798420755677,17,EPSG:3083
48017,Bailey,2142.8988617285236,42.1,10.0,,,42.1,10.0,heat_flow_mWm2,42.1,4.089267705080824,10,EPSG:3083
48295,Lipscomb,2414.510370761228,65.6,15.0,,,65.6,15.0,heat_flow_mWm2,65.6,31.535581706655055,15,EPSG:3083
48489,Willacy,1631.4391733425898,49.9,10.0,,,49.9,10.0,heat_flow_mWm2,49.9,1.9035652126667937,10,EPSG:3083
48271,Kinney,3534.8900564085257,70.0,2.0,31.0,2.0,31.0,2.0,gradient_C_per_km,31.0,2.8514449485214595,2,EPSG:3083
48443,Terrell,6106.92817720749,42.888888888888886,18.0,,,42.888888888888886,18.0,heat_flow_mWm2,42.888888888888886,64.04880993057651,18,EPSG:3083
48177,Gonzales,2771.296959981576,54.766666666666666,30.0,,,54.766666666666666,30.0,heat_flow_mWm2,54.766666666666666,5.5650513965689825,30,EPSG:3083
48367,Parker,2357.0510323765766,51.94444444444444,18.0,,,51.94444444444444,18.0,heat_flow_mWm2,51.94444444444444,0.6375561154032573,18,EPSG:3083
48325,Medina,3456.412251059688,45.166666666666664,6.0,,,45.166666666666664,6.0,heat_flow_mWm2,45.166666666666664,6.216201056796754,6,EPSG:3083
48303,Lubbock,2332.9825349192774,44.25,16.0,,,44.25,16.0,heat_flow_mWm2,44.25,0.8893230652376428,16,EPSG:3083
48497,Wise,2389.6842322508282,47.630434782608695,46.0,,,47.630434782608695,46.0,heat_flow_mWm2,47.630434782608695,1.0929984666621966,46,EPSG:3083
48031,Blanco,1847.8908730285982,,,,,,,,,0.1371189482578275,0,EPSG:3083
48231,Hunt,2284.272907076304,66.65294117647058,17.0,35.13333333333333,3.0,35.13333333333333,3.0,gradient_C_per_km,35.13333333333333,5.194234180492368,3,EPSG:3083
48493,Wilson,2093.531027086888,54.44,25.0,,,54.44,25.0,heat_flow_mWm2,54.44,0.9267212604098093,25,EPSG:3083
48375,Potter,2388.1279187631444,40.72222222222222,18.0,,,40.72222222222222,18.0,heat_flow_mWm2,40.72222222222222,4.314374910389314,18,EPSG:3083
48279,Lamb,2635.6828395743414,43.61904761904762,21.0,,,43.61904761904762,21.0,heat_flow_mWm2,43.61904761904762,1.848285988673925,21,EPSG:3083
48149,Fayette,2485.89530799763,61.5,12.0,,,61.5,12.0,heat_flow_mWm2,61.5,2.822081473801383,12,EPSG:3083
48019,Bandera,2065.8009469317326,41.666666666666664,9.0,,,41.666666666666664,9.0,heat_flow_mWm2,41.666666666666664,8.590802624881665,9,EPSG:3083
48335,Mitchell,2373.3770382405987,44.22222222222222,27.0,,,44.22222222222222,27.0,heat_flow_mWm2,44.22222222222222,1.1318647088595089,27,EPSG:3083
48009,Archer,2397.516488262336,54.57142857142857,21.0,,,54.57142857142857,21.0,heat_flow_mWm2,54.57142857142857,4.085730472969657,21,EPSG:3083
48193,Hamilton,2166.0730600619117,43.63636363636363,11.0,,,43.63636363636363,11.0,heat_flow_mWm2,43.63636363636363,0.4856427400276922,11,EPSG:3083
48145,Falls,2004.206131315819,72.25,8.0,,,72.25,8.0,heat_flow_mWm2,72.25,17.690456673123045,8,EPSG:3083
48095,Concho,2572.860455180273,35.2,25.0,,,35.2,25.0,heat_flow_mWm2,35.2,14.38943882461316,25,EPSG:3083
48249,Jim Wells,2249.577970910285,55.31578947368421,19.0,,,55.31578947368421,19.0,heat_flow_mWm2,55.31578947368421,3.482049566790922,19,EPSG:3083
48129,Donley,2416.4825561499983,47.53333333333333,15.0,,,47.53333333333333,15.0,heat_flow_mWm2,47.53333333333333,23.785843820796472,15,EPSG:3083
48291,Liberty,3047.3248531161075,51.04,25.0,,,51.04,25.0,heat_flow_mWm2,51.04,7.926681452608318,25,EPSG:3083
48121,Denton,2464.7577725048477,45.25,4.0,,,45.25,4.0,heat_flow_mWm2,45.25,0.9595958871795657,4,EPSG:3083
48217,Hill,2552.893376222406,69.83333333333333,6.0,,,69.83333333333333,6.0,heat_flow_mWm2,69.83333333333333,0.30415873779887326,6,EPSG:3083
48181,Grayson,2535.5661989670452,41.35333333333333,15.0,25.45,2.0,25.45,2.0,gradient_C_per_km,25.45,2.9463747184775815,2,EPSG:3083
48197,Hardeman,1804.8132888755242,58.0,14.0,,,58.0,14.0,heat_flow_mWm2,58.0,1.8248300324409032,14,EPSG:3083
48147,Fannin,2328.322576231665,56.971428571428575,7.0,31.95,2.0,31.95,2.0,gradient_C_per_km,31.95,1.4672785566862587,2,EPSG:3083
48501,Yoakum,2071.827395905652,45.3,10.0,,,45.3,10.0,heat_flow_mWm2,45.3,2.48235950859086,10,EPSG:3083
48359,Oldham,3888.0628323850606,42.38095238095238,21.0,,,42.38095238095238,21.0,heat_flow_mWm2,42.38095238095238,10.398884582042625,21,EPSG:3083
48079,Cochran,2008.0926134009587,44.125,16.0,,,44.125,16.0,heat_flow_mWm2,44.125,4.940593839458217,16,EPSG:3083
48077,Clay,2891.6931773229194,54.0,11.0,,,54.0,11.0,heat_flow_mWm2,54.0,7.725598981315214,11,EPSG:3083
48357,Ochiltree,2378.009048501945,57.94444444444444,18.0,,,57.94444444444444,18.0,heat_flow_mWm2,57.94444444444444,8.04525713154464,18,EPSG:3083
48431,Sterling,2391.277288303323,43.535714285714285,28.0,,,43.535714285714285,28.0,heat_flow_mWm2,43.535714285714285,7.782969536657985,28,EPSG:3083
48165,Gaines,3891.825446739966,44.44444444444444,18.0,,,44.44444444444444,18.0,heat_flow_mWm2,44.44444444444444,3.9899813177254835,18,EPSG:3083
48421,Sherman,2390.5322977607157,40.0,27.0,,,40.0,27.0,heat_flow_mWm2,40.0,11.753700193770634,27,EPSG:3083
48169,Garza,2321.2925391993476,44.57142857142857,28.0,,,44.57142857142857,28.0,heat_flow_mWm2,44.57142857142857,10.381424529797295,28,EPSG:3083
48275,Knox,2215.3793001835948,55.68,25.0,,,55.68,25.0,heat_flow_mWm2,55.68,2.3683308862810626,25,EPSG:3083
48353,Nolan,2366.0963574581747,43.810344827586206,58.0,,,43.810344827586206,58.0,heat_flow_mWm2,43.810344827586206,4.714094507144636,58,EPSG:3083
48417,Shackelford,2371.310106339293,42.416666666666664,36.0,,,42.416666666666664,36.0,heat_flow_mWm2,42.416666666666664,0.4215985256318961,36,EPSG:3083
48507,Zavala,3371.1913902617116,53.6,20.0,,,53.6,20.0,heat_flow_mWm2,53.6,3.7934648819225716,20,EPSG:3083
48247,Jim Hogg,2943.1699550333256,58.9,20.0,,,58.9,20.0,heat_flow_mWm2,58.9,21.6775601043994,20,EPSG:3083
48173,Glasscock,2333.7826922552595,41.26315789473684,19.0,,,41.26315789473684,19.0,heat_flow_mWm2,41.26315789473684,2.1668275132782298,19,EPSG:3083
48413,Schleicher,3393.1572988173853,45.375,32.0,,,45.375,32.0,heat_flow_mWm2,45.375,2.4533039112635504,32,EPSG:3083
48329,Midland,2336.014883868788,43.36363636363637,11.0,,,43.36363636363637,11.0,heat_flow_mWm2,43.36363636363637,0.5863659100073952,11,EPSG:3083
48093,Comanche,2454.834214898993,35.7,20.0,,,35.7,20.0,heat_flow_mWm2,35.7,4.255695417717645,20,EPSG:3083
48305,Lynn,2313.6496470616717,47.92857142857143,14.0,,,47.92857142857143,14.0,heat_flow_mWm2,47.92857142857143,2.573746398008184,14,EPSG:3083
48385,Real,1813.3312689769466,44.0,7.0,,,44.0,7.0,heat_flow_mWm2,44.0,52.205366398304854,7,EPSG:3083
48297,Live Oak,2794.2924507437983,74.0,17.0,,,74.0,17.0,heat_flow_mWm2,74.0,5.369828579483064,17,EPSG:3083
48307,McCulloch,2780.8940995043226,34.54545454545455,11.0,,,34.54545454545455,11.0,heat_flow_mWm2,34.54545454545455,4.817919527687746,11,EPSG:3083
48151,Fisher,2335.318130290216,47.549019607843135,51.0,,,47.549019607843135,51.0,heat_flow_mWm2,47.549019607843135,11.962312906347181,51,EPSG:3083
48045,Briscoe,2335.4045515205785,48.63636363636363,11.0,,,48.63636363636363,11.0,heat_flow_mWm2,48.63636363636363,14.375293848871504,11,EPSG:3083
48505,Zapata,2739.623505951449,65.3125,16.0,,,65.3125,16.0,heat_flow_mWm2,65.3125,2.1141738976761064,16,EPSG:3083
48383,Reagan,3046.1990197650393,40.5,24.0,,,40.5,24.0,heat_flow_mWm2,40.5,18.428315391127633,24,EPSG:3083
48117,Deaf Smith,3881.2929772950597,45.0,9.0,,,45.0,9.0,heat_flow_mWm2,45.0,23.466258742446886,9,EPSG:3083
48485,Wichita,1638.6012399798453,56.94117647058823,17.0,,,56.94117647058823,17.0,heat_flow_mWm2,56.94117647058823,2.9235200335140683,17,EPSG:3083
48255,Karnes,1952.08454334884,63.208333333333336,24.0,,,63.208333333333336,24.0,heat_flow_mWm2,63.208333333333336,9.274824958247352,24,EPSG:3083
48049,Brown,2478.468857067032,35.111111111111114,9.0,,,35.111111111111114,9.0,heat_flow_mWm2,35.111111111111114,5.142914262871597,9,EPSG:3083
48483,Wheeler,2370.2094155679533,44.166666666666664,12.0,,,44.166666666666664,12.0,heat_flow_mWm2,44.166666666666664,2.7186881183505016,12,EPSG:3083
48299,Llano,2501.826257994744,,,,,,,,,5.856211385769714,0,EPSG:3083
48209,Hays,1758.088107946008,57.0,1.0,,,57.0,1.0,heat_flow_mWm2,57.0,7.94495830471778,1,EPSG:3083
48191,Hall,2341.3035080859863,47.27272727272727,11.0,,,47.27272727272727,11.0,heat_flow_mWm2,47.27272727272727,16.213272784737736,11,EPSG:3083
48235,Irion,2722.984977650019,42.0,24.0,,,42.0,24.0,heat_flow_mWm2,42.0,1.1867028823397194,24,EPSG:3083
48033,Borden,2346.6895152713596,44.916666666666664,24.0,,,44.916666666666664,24.0,heat_flow_mWm2,44.916666666666664,4.288182977040782,24,EPSG:3083
48309,McLennan,2746.2157069839723,61.22222222222222,9.0,,,61.22222222222222,9.0,heat_flow_mWm2,61.22222222222222,0.2746472660460008,9,EPSG:3083
48251,Johnson,1901.736182478418,73.2,5.0,,,73.2,5.0,heat_flow_mWm2,73.2,1.934987865165222,5,EPSG:3083
48451,Tom Green,3990.529805586315,40.52173913043478,46.0,,,40.52173913043478,46.0,heat_flow_mWm2,40.52173913043478,2.938625776004173,46,EPSG:3083
48133,Eastland,2413.926925550862,40.57575757575758,33.0,,,40.57575757575758,33.0,heat_flow_mWm2,40.57575757575758,0.5693042910129924,33,EPSG:3083
48285,Lavaca,2513.2674572970095,62.75757575757576,33.0,,,62.75757575757576,33.0,heat_flow_mWm2,62.75757575757576,11.249068413398268,33,EPSG:3083
48113,Dallas,2353.490247466862,51.626666666666665,15.0,30.9,1.0,30.9,1.0,gradient_C_per_km,30.9,0.7027644069889283,1,EPSG:3083
48013,Atascosa,3163.783667186886,48.138888888888886,36.0,,,48.138888888888886,36.0,heat_flow_mWm2,48.138888888888886,1.9507353414674935,36,EPSG:3083
48101,Cottle,2334.604320144093,57.42857142857143,21.0,,,57.42857142857143,21.0,heat_flow_mWm2,57.42857142857143,2.692356945044989,21,EPSG:3083
48183,Gregg,714.2304006127932,70.5,4.0,,,70.5,4.0,heat_flow_mWm2,70.5,2.758530780956157,4,EPSG:3083
48233,Hutchinson,2318.5385286339597,47.833333333333336,30.0,,,47.833333333333336,30.0,heat_flow_mWm2,47.833333333333336,2.984826716959693,30,EPSG:3083
48127,Dimmit,3456.405765534088,58.25806451612903,31.0,,,58.25806451612903,31.0,heat_flow_mWm2,58.25806451612903,3.3076675650693583,31,EPSG:3083
48447,Throckmorton,2371.1306340409724,50.0,16.0,,,50.0,16.0,heat_flow_mWm2,50.0,14.459667079453832,16,EPSG:3083
48337,Montague,2430.5399596398297,52.0,15.0,,,52.0,15.0,heat_flow_mWm2,52.0,12.968511176029962,15,EPSG:3083
48159,Franklin,763.4768658387305,73.25,4.0,,,73.25,4.0,heat_flow_mWm2,73.25,3.6711785932114087,4,EPSG:3083
48445,Terry,2307.3860891999097,45.2,10.0,,,45.2,10.0,heat_flow_mWm2,45.2,7.724150689142485,10,EPSG:3083
48461,Upton,3213.828783359388,42.15384615384615,26.0,8.7,2.0,8.7,2.0,gradient_C_per_km,8.7,7.758258972642471,2,EPSG:3083
48163,Frio,2937.606887713717,53.92,25.0,,,53.92,25.0,heat_flow_mWm2,53.92,1.7396576822832759,25,EPSG:3083
48179,Gray,2406.9712570550014,40.9,20.0,,,40.9,20.0,heat_flow_mWm2,40.9,0.03148909238138956,20,EPSG:3083
48425,Somervell,496.4719873160305,53.0,1.0,,,53.0,1.0,heat_flow_mWm2,53.0,8.608201377286555,1,EPSG:3083
48211,Hemphill,2363.7365828316442,49.375,8.0,,,49.375,8.0,heat_flow_mWm2,49.375,30.973649640875358,8,EPSG:3083
48107,Crosby,2334.847538851461,43.63157894736842,19.0,,,43.63157894736842,19.0,heat_flow_mWm2,43.63157894736842,14.617559312139475,19,EPSG:3083
48433,Stonewall,2384.646823934263,47.48,25.0,,,47.48,25.0,heat_flow_mWm2,47.48,0.8462507611138207,25,EPSG:3083
48463,Uvalde,4038.0773412738595,45.0,1.0,21.0,1.0,21.0,1.0,gradient_C_per_km,21.0,13.379451994170898,1,EPSG:3083
48415,Scurry,2350.4013754066664,45.214285714285715,28.0,,,45.214285714285715,28.0,heat_flow_mWm2,45.214285714285715,2.7143953860509438,28,EPSG:3083
48213,Henderson,2456.55370449204,66.5625,16.0,,,66.5625,16.0,heat_flow_mWm2,66.5625,1.0374126124345122,16,EPSG:3083
48189,Hale,2602.2750263033254,45.416666666666664,12.0,,,45.416666666666664,12.0,heat_flow_mWm2,45.416666666666664,1.5340997972517143,12,EPSG:3083
48487,Wilbarger,2532.9353367556423,60.31578947368421,19.0,,,60.31578947368421,19.0,heat_flow_mWm2,60.31578947368421,1.678886800508028,19,EPSG:3083
48263,Kent,2337.4161961494556,46.63636363636363,22.0,,,46.63636363636363,22.0,heat_flow_mWm2,46.63636363636363,9.242790954938794,22,EPSG:3083
48363,Palo Pinto,2552.0633037961525,46.56,50.0,,,46.56,50.0,heat_flow_mWm2,46.56,0.7540732177820663,50,EPSG:3083
48221,Hood,1131.6586511267083,54.4,5.0,,,54.4,5.0,heat_flow_mWm2,54.4,2.9871587691269994,5,EPSG:3083
48027,Bell,2823.72669379786,50.25,4.0,,,50.25,4.0,heat_flow_mWm2,50.25,3.671360634636919,4,EPSG:3083
48259,Kendall,1716.7138245336273,,,,,,,,,8.069392316581586,0,EPSG:3083
48365,Panola,2127.667441199631,74.13333333333334,15.0,,,74.13333333333334,15.0,heat_flow_mWm2,74.13333333333334,2.867815454136792,15,EPSG:3083
48171,Gillespie,2750.061062419168,,,,,,,,,0.7553471335090309,0,EPSG:3083
48111,Dallam,3899.3055283422837,45.541666666666664,24.0,,,45.541666666666664,24.0,heat_flow_mWm2,45.541666666666664,23.177436130108255,24,EPSG:3083
48441,Taylor,2380.642487336688,39.64912280701754,57.0,,,39.64912280701754,57.0,heat_flow_mWm2,39.64912280701754,1.0269489126881015,57,EPSG:3083
48473,Waller,1341.2701789589382,61.0,9.0,47.0,1.0,47.0,1.0,gradient_C_per_km,47.0,3.65000111141916,1,EPSG:3083
48087,Collingsworth,2381.759022699673,53.44444444444444,18.0,,,53.44444444444444,18.0,heat_flow_mWm2,53.44444444444444,0.3607942239145686,18,EPSG:3083
48439,Tarrant,2340.6581242515513,61.0,4.0,,,61.0,4.0,heat_flow_mWm2,61.0,1.3461114632531501,4,EPSG:3083
48123,DeWitt,2357.8900040558383,70.88235294117646,17.0,,,70.88235294117646,17.0,heat_flow_mWm2,70.88235294117646,1.4994172701568156,17,EPSG:3083
48115,Dawson,2336.6122245478946,42.333333333333336,6.0,,,42.333333333333336,6.0,heat_flow_mWm2,42.333333333333336,1.2358291137568576,6,EPSG:3083
48097,Cooke,2327.625718614613,38.94117647058823,17.0,,,38.94117647058823,17.0,heat_flow_mWm2,38.94117647058823,1.6911200791379266,17,EPSG:3083
